{"UMAUSDT": 1482973.6258, "GOATUSDT": 1331492.52561, "TRADOORUSDT": 2521278.6397, "XVGUSDT": 1514587.929786, "MERLUSDT": 2012831.23482, "MSFTUSDT": 8417483.6025, "STABLEUSDT": 2691385.555215, "BMTUSDT": 1433709.74636, "BANKUSDT": 17830319.63103, "UBERUSDT": 614917.2972, "LIGHTUSDT": 3813918.9154, "DEXEUSDT": 23471147.35501, "BXUSDT": 787593.3053, "XPINUSDT": 1369085.977736, "MOVEUSDT": 14941664.3476, "1000PEPEUSDT": 205457577.1007975, "RUNEUSDT": 9641308.6836, "NOWUSDT": 2129948.0278, "EDGEUSDT": 7365481.3971, "BLUAIUSDT": 2304442.882322, "FRAXUSDT": 793513.1011, "AAPLUSDT": 7724989.6328, "CCUSDT": 11594122.73846, "ASTERUSDT": 54347818.0155, "STRKUSDT": 8033887.802606, "TOWNSUSDT": 1823522.959584, "DOTUSDT": 78270850.062, "SPYUSDT": 67075900.2296, "AEROUSDT": 4591420.32561, "SUPERUSDT": 1786340.0289, "INTCUSDT": 266049438.9221, "FHEUSDT": 7363387.46841, "SOXLUSDT": 918672470.174, "HOMEUSDT": 90660707.885955, "INJUSDT": 61650161.0195, "LITUSDT": 48063712.02712, "COSTUSDT": 125517.0575, "RAVEUSDT": 11150598.70353, "MEMEUSDT": 8353288.9457816, "DYMUSDT": 3654360.204456, "STORJUSDT": 2518297.9271, "GALAUSDT": 24183541.252695, "ARUSDT": 7342289.581, "ALCHUSDT": 1386325.07837, "1000SHIBUSDT": 25311586.289985, "ROSEUSDT": 3908128.71476, "CLUSDT": 944303965.0985, "STXXUSDT": 294794.9925, "SCRTUSDT": 654009.75995, "FLOWUSDT": 3241231.172148, "ENSOUSDT": 4734381.06518, "PIXELUSDT": 2509086.150634, "TSMUSDT": 12142831.3717, "BARDUSDT": 1820345.8495, "SNXUSDT": 2345432.94422, "ARIAUSDT": 2056578.89118, "1000XECUSDT": 1365147.82981, "LAUSDT": 5628815.491414, "ANIMEUSDT": 1793667.172818, "BABYUSDT": 15425485.49862, "NEOUSDT": 3078464.006, "BNTUSDT": 475654.7439, "HAEDALUSDT": 2387137.64057, "WDCUSDT": 3947650.2598, "LISTAUSDT": 1236672.03248, "FFUSDT": 6011082.84363, "HDUSDT": 704662.0014, "1000CATUSDT": 874631.63621, "BRUSDT": 8682015.7323, "EDENUSDT": 11748556.77905, "XTZUSDT": 2381749.25059, "IOSTUSDT": 1032300.231726, "BROCCOLIF3BUSDT": 920340.962333, "COLLECTUSDT": 31923646.78365, "UBUSDT": 19401507.56732, "SANTOSUSDT": 1828005.58815, "DISUSDT": 369286.221, "ZKUSDT": 11043418.95732, "SAMSUNGUSDT": 19349186.6546, "KATUSDT": 48983493.482002, "DYDXUSDT": 7554495.58903, "ADAUSDT": 200129934.7027, "IOTAUSDT": 2834246.1769, "CELOUSDT": 1363699.253749, "LABUSDT": 283849856.55109, "RONINUSDT": 2631986.327119, "MORPHOUSDT": 24252797.16815, "USDCUSDT": 11670608.788003, "ZROUSDT": 20445119.90899, "EPICUSDT": 23903951.98289, "KOMAUSDT": 1763067.057694, "PLTRUSDT": 6963332.7073, "NOMUSDT": 2916350.142312, "GRTUSDT": 3677766.51916, "DKNGUSDT": 1152215.303, "BBXUSDT": 3060627.1304, "LINKUSDT": 95233613.889, "THEUSDT": 1926924.807079, "BTCUSDT": 11979641231.95, "PEOPLEUSDT": 2281306.56425, "ACEUSDT": 1151538.293351, "XAUUSDT": 2286634240.22, "STBLUSDT": 1127177.97752, "COWUSDT": 759656.8695, "TNSRUSDT": 1508754.71663, "ATUSDT": 1487044.72996, "OPGUSDT": 24654226.6935, "SKLUSDT": 1177979.20067, "DIAUSDT": 1217452.5427, "SFPUSDT": 1521054.0626, "USUALUSDT": 2514894.86973, "RESOLVUSDT": 1987793.16584, "CYBERUSDT": 1358085.18236, "DUSDT": 3794814.769012, "AGTUSDT": 1742653.409024, "MSTRUSDT": 78018374.5778, "EIGENUSDT": 9413038.94927, "ORDERUSDT": 550140.58753, "PHAUSDT": 3557073.17649, "MONUSDT": 6657448.10535, "XPLUSDT": 24357188.32227, "IRYSUSDT": 3668001.64248, "SXTUSDT": 31627651.439869, "IDOLUSDT": 4988652.2637, "HFTUSDT": 2375346.48546, "ACTUSDT": 916275.80693, "RIFUSDT": 2402721.1511, "SUSHIUSDT": 4978955.4312, "ARKUSDT": 2032746.4269, "SOONUSDT": 4144196.9827, "ILVUSDT": 771181.8223, "BRKBUSDT": 523915.3442, "RENDERUSDT": 22942459.3665, "GTCUSDT": 1673891.417191, "DOGEUSDT": 345095882.0036, "GWEIUSDT": 14947665.59895, "MINAUSDT": 1945832.63958, "ZEREBROUSDT": 3354959.135329, "MOCAUSDT": 1256103.63985, "ZESTUSDT": 22428190.01393, "FIGHTUSDT": 22708356.918585, "BMNRUSDT": 772474.1718, "ENJUSDT": 3775971.74414, "SIGNUSDT": 1689569.88312, "APTUSDT": 27835488.07542, "BSVUSDT": 1349090.428, "JPMUSDT": 953614.3727, "FOGOUSDT": 2327149.92854, "MTLUSDT": 1162511.1769, "XMRUSDT": 62027332.16, "AIOTUSDT": 3447333.12389, "CRDOUSDT": 5854699.295, "BELUSDT": 1438526.71906, "HIMSUSDT": 1615845.0536, "GUNUSDT": 2058855.922957, "SPELLUSDT": 885743.7765901, "BZUSDT": 281607559.9809, "FORMUSDT": 3533233.32341, "ZBTUSDT": 13707012.84784, "DEEPUSDT": 1539096.04658, "SENTUSDT": 17284770.97351, "CKBUSDT": 1679830.416392, "AERGOUSDT": 5005683.53366, "VELODROMEUSDT": 552962.29124, "SPXUSDT": 9188174.8644, "ONUSDT": 1704545.69787, "ICNTUSDT": 3639964.9325, "EWTUSDT": 967653.9845, "ENAUSDT": 151814301.10033, "STEEMUSDT": 1478783.74277, "TRUMPUSDT": 56075925.25756, "MELANIAUSDT": 1914947.614236, "TSTUSDT": 1531627.396757, "USARUSDT": 4922404.0519, "MANAUSDT": 4111034.1109, "COPPERUSDT": 12926119.8624, "ARBUSDT": 59820442.731552, "HOODUSDT": 22237083.9247, "GMXUSDT": 823601.29591, "UNIUSDT": 52283011.221, "METAUSDT": 17318798.8029, "XAUTUSDT": 75515739.72, "BILLUSDT": 13907619.70613, "NFPUSDT": 3905761.0677988, "SUIUSDT": 170629595.56661, "GIGGLEUSDT": 6754099.6494, "WIFUSDT": 21632769.12071, "SQDUSDT": 5097390.71462, "XRPUSDT": 573786921.8782, "MRVLUSDT": 524679767.657, "RAREUSDT": 1016766.78452, "TIAUSDT": 21458149.6716, "BTRUSDT": 981680.53723, "METUSDT": 2593412.1177, "PROMPTUSDT": 885091.26936, "REDUSDT": 1995599.588, "THETAUSDT": 4075819.2237, "ZKPUSDT": 2906155.36661, "SPORTFUNUSDT": 2524455.54071, "CVCUSDT": 701954.44904, "GOOGLUSDT": 24345788.8741, "SONICUSDT": 1358026.619852, "TONUSDT": 92020201.01689, "AAOIUSDT": 33382604.8939, "ALTUSDT": 7781172.700499, "FETUSDT": 44688630.1282, "SPCXUSDT": 202766887.4476, "AVNTUSDT": 13353344.3903, "BNBUSDT": 287619924.478, "1INCHUSDT": 1920555.6765, "NILUSDT": 5736998.818322, "COTIUSDT": 1238127.17308, "VANRYUSDT": 1110582.999111, "TOSHIUSDT": 1045708.8334696, "MITOUSDT": 2621663.94549, "RSRUSDT": 1492742.001044, "JOEUSDT": 963912.56571, "GENIUSUSDT": 22854782.048, "TAIKOUSDT": 875417.8606, "1000RATSUSDT": 1826315.1743, "STARUSDT": 2284260.71256, "QCOMUSDT": 15189357.6749, "GLWUSDT": 579952.9464, "CHRUSDT": 721529.72881, "CRWDUSDT": 1297358.5569, "JCTUSDT": 17670442.755317, "NIGHTUSDT": 6961047.81358, "EBAYUSDT": 282159.1392, "STXUSDT": 4509584.8375, "CBRSUSDT": 82075735.8228, "ALICEUSDT": 1370432.85412, "SKHYNIXUSDT": 167164226.5052, "INITUSDT": 2047851.84926, "OGUSDT": 1495981.79, "AUCTIONUSDT": 1089872.81738, "SOLVUSDT": 1046898.986689, "TRIAUSDT": 2880143.42871, "AVAXUSDT": 100552729.486, "TAOUSDT": 86192260.86, "CARVUSDT": 1088042.0959, "PTBUSDT": 1422358.1573788, "GRIFFAINUSDT": 856976.331213, "CATIUSDT": 7064744.3175, "IWMUSDT": 835470.9986, "AMATUSDT": 2141833.808, "CGPTUSDT": 1669040.67947, "TLMUSDT": 1017074.994243, "MUSDT": 3981732.8894, "LYNUSDT": 2316987.70531, "EWZUSDT": 249993.2104, "ATHUSDT": 1892241.371498, "AIOUSDT": 261819662.96527, "APEUSDT": 8582374.0744, "BANANAUSDT": 1136409.4649, "我踏马来了USDT": 1849278.625963, "XNYUSDT": 2517630.736106, "BANANAS31USDT": 13028284.319597, "OPUSDT": 35520114.57676, "HBARUSDT": 18751888.84546, "CTSIUSDT": 1462861.55081, "ETHFIUSDT": 8017431.91926, "1000FLOKIUSDT": 10189055.16681, "PIEVERSEUSDT": 3385492.0486, "HANAUSDT": 1289538.48579, "FLUIDUSDT": 2796314.9844, "CTKUSDT": 1097581.9194, "KMNOUSDT": 1270996.88533, "XPDUSDT": 7002122.871, "CSCOUSDT": 691917.8773, "RLCUSDT": 1484685.3286, "MEWUSDT": 1105106.7868554, "FUSDT": 2034626.395271, "YFIUSDT": 1555685.9, "TRUTHUSDT": 1112402.852063, "BBUSDT": 1649389.20373, "SLPUSDT": 578021.4172212, "CUSDT": 6677557.54556, "ONEUSDT": 1091802.79001, "1000BONKUSDT": 18754778.923434, "HIVEUSDT": 14625223.05661, "币安人生USDT": 27683262.43392, "SLXUSDT": 17748967.38839, "AIXBTUSDT": 2638880.29314, "SYNUSDT": 2000277.80433, "ERAUSDT": 1104233.8181, "SUSDT": 4349463.246, "KAIAUSDT": 1611420.83534, "PIPPINUSDT": 37980808.98775, "AVAAIUSDT": 802306.992387, "WCTUSDT": 2101168.19396, "MYXUSDT": 4744841.2382, "USTCUSDT": 1118379.620238, "BICOUSDT": 971983.56953, "2ZUSDT": 2654740.60297, "ARKMUSDT": 6101406.3413, "IRENUSDT": 1765680.9729, "GPSUSDT": 4034182.478275,