{
    "RSRUSDT": 1568432.83286,
    "B2USDT": 3327304.67,
    "CRDOUSDT": 5192220.8847,
    "SAPIENUSDT": 1933440.34705,
    "CHRUSDT": 878104.36567,
    "2ZUSDT": 3057477.60673,
    "MMTUSDT": 1632947.9445,
    "USTCUSDT": 1203993.475434,
    "WUSDT": 6643203.757837,
    "ZBTUSDT": 19565459.36926,
    "PTBUSDT": 1543255.7628006,
    "TACUSDT": 1602784.564617,
    "MOVEUSDT": 17151234.10269,
    "XNYUSDT": 995111.520071,
    "LUNA2USDT": 1810974.6281,
    "BMNRUSDT": 129347.2241,
    "CELOUSDT": 1286790.102606,
    "SOPHUSDT": 1779750.126084,
    "AAVEUSDT": 54323924.455,
    "TRBUSDT": 4290258.462,
    "FOLKSUSDT": 70635219.7712,
    "STBLUSDT": 1258996.27861,
    "ZAMAUSDT": 6139401.92992,
    "EBAYUSDT": 272027.578,
    "JPMUSDT": 834642.4215,
    "PLTRUSDT": 6877308.4363,
    "C98USDT": 1669666.48212,
    "CLUSDT": 951006860.5711,
    "LUMIAUSDT": 808534.26974,
    "ALCHUSDT": 1740653.91683,
    "OPNUSDT": 113422568.0854,
    "SEIUSDT": 11974313.25903,
    "TRIAUSDT": 2245941.23756,
    "CGPTUSDT": 1725458.57208,
    "ADBEUSDT": 5554.9273,
    "USUSDT": 5858341.434913,
    "KOMAUSDT": 2592849.604241,
    "PROMPTUSDT": 868847.24369,
    "WOOUSDT": 935549.0699,
    "DRIFTUSDT": 2097662.63255,
    "FLOCKUSDT": 1451903.90635,
    "FOGOUSDT": 1714071.61429,
    "DUSDT": 3794814.769012,
    "FUSDT": 2134000.312276,
    "HPEUSDT": 1033446.011,
    "WCTUSDT": 2128611.36939,
    "PAYPUSDT": 516143.1465,
    "POLUSDT": 10809027.40827,
    "CFGUSDT": 5744506.936,
    "BRUSDT": 5313226.05311,
    "MIRAUSDT": 3076101.83263,
    "ICXUSDT": 817024.61122,
    "BLURUSDT": 1985857.25932,
    "PIPPINUSDT": 47159300.7377,
    "1000CHEEMSUSDT": 899368.0298487,
    "COTIUSDT": 1314933.89678,
    "MYXUSDT": 5245032.742,
    "ARPAUSDT": 895735.11699,
    "ICPUSDT": 23327351.444,
    "MASKUSDT": 1758192.3896,
    "CTKUSDT": 1083378.2193,
    "HYPERUSDT": 5388369.85354,
    "LQTYUSDT": 880933.27082,
    "DASHUSDT": 24184852.35,
    "SUNUSDT": 1054191.293384,
    "AZTECUSDT": 3523814.81762,
    "NVDAUSDT": 99527137.2237,
    "STEEMUSDT": 1504382.12619,
    "XRPUSDT": 635277734.3196,
    "DRAMUSDT": 112288360.8195,
    "CARVUSDT": 1390364.54175,
    "1000PEPEUSDT": 223319898.679517,
    "BROCCOLI714USDT": 2444598.47363,
    "AAPLUSDT": 10909871.8604,
    "BLUAIUSDT": 2345229.306618,
    "SIRENUSDT": 77152133.91783,
    "VELVETUSDT": 1060465640.74853,
    "FHEUSDT": 4800512.62525,
    "PARTIUSDT": 10035712.78819,
    "BOMEUSDT": 5231104.8200097,
    "ACTUSDT": 1033704.54725,
    "GPSUSDT": 4211501.7286,
    "DYDXUSDT": 9972748.94535,
    "AVGOUSDT": 21289890.1589,
    "ALTUSDT": 9088927.765289,
    "AGTUSDT": 1607358.112871,
    "1000000BOBUSDT": 834840.8178,
    "RESOLVUSDT": 2170350.08855,
    "MUUSDT": 980044896.5786,
    "ONUSDT": 1712620.43336,
    "BATUSDT": 2169962.9659,
    "PIXELUSDT": 2421954.273672,
    "ONTUSDT": 3588419.812171,
    "CBRSUSDT": 90442428.1865,
    "EWZUSDT": 722385.2462,
    "XTZUSDT": 2405170.13766,
    "RECALLUSDT": 980447.23799,
    "ESPUSDT": 2709029.48319,
    "ALGOUSDT": 19981566.3848,
    "CVCUSDT": 910231.21175,
    "CUSDT": 6733105.69487,
    "HEMIUSDT": 12398269.97246,
    "GRTUSDT": 3636673.19206,
    "QNTUSDT": 4797787.667,
    "DIAUSDT": 1428283.3001,
    "XAGUSDT": 1560052893.3668,
    "BERAUSDT": 11423033.00691,
    "XVSUSDT": 793974.6289,
    "POLYXUSDT": 1738161.92816,
    "AEROUSDT": 5404384.15738,
    "QTUMUSDT": 1603604.447,
    "SUIUSDT": 187471512.21336,
    "ONGUSDT": 716704.13553,
    "ORCAUSDT": 3764545.5851,
    "CLANKERUSDT": 1024325.9462,
    "PYTHUSDT": 18729847.39001,
    "FETUSDT": 43244101.644,
    "ICNTUSDT": 4383331.3715,
    "VETUSDT": 4416451.460795,
    "RONINUSDT": 2942075.319398,
    "SKYAIUSDT": 52441452.91558,
    "UMAUSDT": 1692403.1533,
    "1000SATSUSDT": 2718430.50653972,
    "EDUUSDT": 4264609.02765,
    "OGUSDT": 1425614.3173,
    "MRVLUSDT": 510018041.452,
    "ESPORTSUSDT": 81176228.64804,
    "TRADOORUSDT": 3114674.6451,
    "PUMPUSDT": 49337193.830844,
    "ADAUSDT": 225800633.316,
    "AXTIUSDT": 7050138.8927,
    "CHZUSDT": 46832895.41461,
    "APEUSDT": 8861448.6369,
    "FLUXUSDT": 701956.47387,
    "DKNGUSDT": 1852813.8674,
    "SPORTFUNUSDT": 2236294.46826,
    "SPELLUSDT": 1012300.3889207,
    "SOXLUSDT": 1064734876.3089,
    "UVXYUSDT": 25048.5308,
    "ASTSUSDT": 3882190.4048,
    "AVNTUSDT": 14721466.1905,
    "OPENAIUSDT": 13296427.6422,
    "GUNUSDT": 2396036.988377,
    "LIGHTUSDT": 3897789.3503,
    "MEWUSDT": 1195549.3009407,
    "UBERUSDT": 750203.5477,
    "PRLUSDT": 2266766.2687,
    "SSVUSDT": 3470631.76935,
    "OPENUSDT": 7136170.5452,
    "USARUSDT": 5212852.4127,
    "NEOUSDT": 3589189.399,
    "1000000MOGUSDT": 1116469.84196,
    "AUSDT": 2602745.88986,
    "ORDERUSDT": 633569.57738,
    "MINAUSDT": 2125683.37441,
    "AAOIUSDT": 28239812.1557,
    "SUPERUSDT": 2012378.2519,
    "TSMUSDT": 15344346.5373,
    "OGNUSDT": 1486713.21726,
    "ENJUSDT": 3926085.81355,
    "MAGICUSDT": 1329951.369425,
    "SAHARAUSDT": 67944793.05579,
    "AIOUSDT": 175882076.41007,
    "CYBERUSDT": 1461479.49453,
    "MBOXUSDT": 4792188.7178732,
    "MEUSDT": 4045659.235458,
    "SHELLUSDT": 894333.90012,
    "BRKBUSDT": 649188.3428,
    "INTCUSDT": 251372302.8168,
    "TOWNSUSDT": 1589461.655613,
    "SOMIUSDT": 2342563.6289,
    "ZESTUSDT": 18539219.92989,
    "SKRUSDT": 3959578.46451,
    "MOODENGUSDT": 3454857.94671,
    "ARCUSDT": 2757745.44221,
    "XVGUSDT": 1710238.10499,
    "WIFUSDT": 23899253.49237,
    "KNCUSDT": 1577422.3608,
    "NBISUSDT": 19404999.0637,
    "SLXUSDT": 22372876.96552,
    "CELRUSDT": 552163.013883,
    "SOLVUSDT": 1143999.551368,
    "GUAUSDT": 25803068.43997,
    "MTLUSDT": 950241.209,
    "AMATUSDT": 1833726.8843,
    "USDCUSDT": 11902447.208431,
    "TWTUSDT": 1428084.039,
    "KGENUSDT": 3037884.39305,
    "ACHUSDT": 2227670.668116,
    "TAGUSDT": 1605899.9270324,
    "YFIUSDT": 1663979.3,
    "POPCATUSDT": 2470566.68235,
    "QUSDT": 3344832.026805,
    "APTUSDT": 29280016.85018,
    "ROSEUSDT": 4280140.78894,
    "ONDSUSDT": 1287441.7504,
    "MAVUSDT": 961443.3085,
    "NMRUSDT": 1625549.3036,
    "BSVUSDT": 1442963.242,
    "TAKEUSDT": 1012493.48586,
    "XPTUSDT": 17544465.2011,
    "KATUSDT": 65407038.360467,
    "ACXUSDT": 1162809.841383,
    "AKEUSDT": 869799.116465,
    "1000RATSUSDT": 2270719.42767,
    "SAFEUSDT": 612307.4453,
    "JELLYJELLYUSDT": 4469243.57947,
    "SYRUPUSDT": 2456934.00212,
    "KITEUSDT": 8264258.17926,
    "ATUSDT": 1299859.16104,
    "ILVUSDT": 905393.2583,
    "INUSDT": 4741807.94488,
    "AIXBTUSDT": 2578512.90753,
    "AVAUSDT": 796142.30549,
    "CCUSDT": 8556642.0443,
    "INJUSDT": 72191223.1476,
    "MUSDT": 4032757.7376,
    "KAVAUSDT": 1704090.9005,
    "HEIUSDT": 9494910.354886,
    "PLAYUSDT": 170052570.55476,
    "GUSDT": 1487394.382601,
    "MSTRUSDT": 85344561.887,
    "IBMUSDT": 2440874.5094,
    "SENTUSDT": 18350175.96613,
    "RAVEUSDT": 10282062.0549,
    "HANAUSDT": 811140.90392,
    "ALLUSDT": 1134287.1146,
    "SAGAUSDT": 5545704.298389,
    "AKTUSDT": 2406680.30406,
    "PHAROSUSDT": 5898913.3947,
    "CROSSUSDT": 1039048.8513,
    "GLMUSDT": 1641691.35961,
    "HIMSUSDT": 1555999.6954,
    "WMTUSDT": 547770.6931,
    "IWMUSDT": 720298.9026,
    "MSFTUSDT": 10200562.1651,
    "VANAUSDT": 999930.67449,
    "NEIROUSDT": 6736261.49957145,
    "METISUSDT": 1026922.5246,
    "1000BONKUSDT": 19233444.284278,
    "GMXUSDT": 827163.34284,
    "RENDERUSDT": 27135218.695,
    "COSUSDT": 4313677.5815856,
    "HYPEUSDT": 1247416171.16698,
    "ACEUSDT": 1335832.190273,
    "TSLAUSDT": 84628950.0358,
    "TIAUSDT": 22759647.2808,
    "YGGUSDT": 1985748.65173,
    "ZILUSDT": 1786608.926669,
    "0GUSDT": 3953670.0788,
    "BRETTUSDT": 20730254.597567,
    "GMTUSDT": 5028260.3251,
    "VIRTUALUSDT": 23549470.18553,
    "PNUTUSDT": 4882453.41199,
    "API3USDT": 1863667.0698,
    "COWUSDT": 958649.4763,
    "BILLUSDT": 12231522.7667,
    "BLESSUSDT": 9557040.010123,
    "HFTUSDT": 2463771.33925,