{"BXUSDT": 778183.4103, "RPLUSDT": 644873.4561, "GUNUSDT": 2078430.922468, "FLUXUSDT": 621346.39987, "BEUSDT": 4794469.2762, "AKEUSDT": 741472.4183961, "PROMUSDT": 4598898.1806, "IRYSUSDT": 3714949.36273, "ESPORTSUSDT": 63106254.02176, "IOTXUSDT": 916689.283488, "NOTUSDT": 9182178.6470597, "SWARMSUSDT": 2490166.1206, "MEGAUSDT": 9123212.97263, "CRDOUSDT": 5781011.0042, "AIXBTUSDT": 2545243.63878, "SAPIENUSDT": 2238781.81123, "TLMUSDT": 1030020.133218, "HFTUSDT": 2329687.05856, "AVAAIUSDT": 830242.715464, "PLTRUSDT": 6958547.5295, "TSLAUSDT": 67502205.6002, "METUSDT": 2610666.1058, "USTCUSDT": 1129694.686498, "FLOCKUSDT": 1224860.1991, "NXPCUSDT": 3948816.1955, "KAITOUSDT": 3075248.81885, "2ZUSDT": 2662791.50916, "AXLUSDT": 1080767.637306, "EGLDUSDT": 2757398.117, "ORDERUSDT": 558245.68538, "MEUSDT": 3081660.889888, "LITUSDT": 48009870.63125, "XTZUSDT": 2199339.03636, "KAIAUSDT": 1604086.16475, "SOPHUSDT": 1533921.446881, "WDCUSDT": 3866418.9963, "MBOXUSDT": 4792188.7178732, "GIGGLEUSDT": 6676492.6403, "OGUSDT": 1251360.9947, "WAXPUSDT": 888395.612914, "AUSDT": 2619839.14092, "BILLUSDT": 13802589.85315, "DOLOUSDT": 830525.9129, "EVAAUSDT": 2566874.34751, "AGLDUSDT": 1407679.2584, "MASKUSDT": 1638838.872, "INITUSDT": 2010244.56406, "TURBOUSDT": 3534307.9164074, "SUSDT": 4394476.34819, "MUSDT": 3932952.6217, "ARKUSDT": 2255794.0551, "VELODROMEUSDT": 588018.05957, "ENAUSDT": 154810690.10967, "ORDIUSDT": 34643601.9625, "B2USDT": 2959864.7594, "XAGUSDT": 1519750018.7693, "ONEUSDT": 1101150.715895, "KSMUSDT": 2010301.834, "MAGMAUSDT": 98707714.07376, "MANTAUSDT": 4606875.608649, "MELANIAUSDT": 1873842.881776, "BANKUSDT": 17371108.31812, "KAVAUSDT": 1497140.5329, "SAGAUSDT": 4962192.423248, "SKYUSDT": 4555614.00323, "ENJUSDT": 3682911.19393, "AAVEUSDT": 50766678.226, "BREVUSDT": 1416310.63064, "RESOLVUSDT": 2024680.7887, "TAOUSDT": 88184858.19, "SOONUSDT": 4304027.953, "AAOIUSDT": 30865065.1763, "1000RATSUSDT": 1898734.77947, "TAGUSDT": 1399036.7071616, "SLXUSDT": 18231511.60406, "FLUIDUSDT": 3074511.9552, "NEWTUSDT": 2024045.93163, "HIVEUSDT": 14695195.87383, "MEWUSDT": 1117042.2814923, "DIAUSDT": 1287942.2898, "MAVIAUSDT": 623734.19896, "SUIUSDT": 173696051.16547, "HANAUSDT": 1152783.26991, "TNSRUSDT": 1516711.429516, "GLMUSDT": 1355221.46509, "GPSUSDT": 4024575.442255, "WUSDT": 5767830.825879, "VELVETUSDT": 1151173088.86683, "AINUSDT": 4436703.77229, "TRADOORUSDT": 2561296.8348, "EPICUSDT": 21920088.93791, "ONUSDT": 1684570.59889, "RSRUSDT": 1520731.360453, "SANDUSDT": 7773431.48917, "1MBABYDOGEUSDT": 1515972.6707742, "GALAUSDT": 23925248.484733, "TRXUSDT": 34205449.89959, "SCRUSDT": 774919.93224, "ETHWUSDT": 498828.833, "CTSIUSDT": 1467806.77997, "HIMSUSDT": 1614886.1738, "LISTAUSDT": 1145104.6091, "AEROUSDT": 4753702.64387, "ZECUSDT": 1064962206.43, "BANANAUSDT": 1112292.3559, "IPUSDT": 19432358.78848, "PEOPLEUSDT": 2205825.15448, "CYBERUSDT": 1349115.92731, "RLCUSDT": 1471226.8904, "PYTHUSDT": 18928149.68083, "WCTUSDT": 1995381.89875, "DKNGUSDT": 1415575.5863, "OPGUSDT": 24508053.013, "DYDXUSDT": 7517434.32503, "ACUUSDT": 1046606.93428, "IOSTUSDT": 1035662.95775, "VICUSDT": 3074512.67085, "FUSDT": 2000527.276592, "WOOUSDT": 902250.79696, "API3USDT": 1724709.4842, "NEIROUSDT": 6263010.65989442, "UBUSDT": 19651932.65014, "1000000MOGUSDT": 1050658.5472, "BUSDT": 9630330.1228, "CLOUSDT": 22376205.65875, "POLYXUSDT": 1654005.74389, "LPTUSDT": 3072116.616, "1000FLOKIUSDT": 9961245.58936, "BANANAS31USDT": 12219186.916441, "BTRUSDT": 996788.82626, "RAVEUSDT": 10968060.4132, "CGPTUSDT": 1699390.0404, "FOLKSUSDT": 69906063.2715, "AVGOUSDT": 18775634.6883, "BNTUSDT": 484520.1204, "TACUSDT": 1402730.251695, "EDENUSDT": 10915871.2559, "ACTUSDT": 925680.3245, "CTRUSDT": 4124969.7647, "LTCUSDT": 70443027.15, "BSBUSDT": 44884775.7398, "SAMSUNGUSDT": 19461561.4669, "ADAUSDT": 205229623.5662, "ALLUSDT": 1299728.5747, "URNMUSDT": 1074385.4111, "ZROUSDT": 20055864.24538, "1INCHUSDT": 1884792.2494, "RAREUSDT": 1053474.81978, "STOUSDT": 6522119.0364, "POPCATUSDT": 2456770.27133, "PENDLEUSDT": 12897208.3485, "KITEUSDT": 10803348.84771, "BELUSDT": 1484640.15148, "CRCLUSDT": 123374685.5164, "PHAUSDT": 3748958.48075, "BLUAIUSDT": 2311771.171029, "KOMAUSDT": 1831009.017798, "SANTOSUSDT": 1195860.09085, "STEEMUSDT": 1490949.50167, "CELRUSDT": 461551.010374, "XVSUSDT": 759367.1897, "AGTUSDT": 1750347.891018, "AWEUSDT": 1198705.15077, "1000XECUSDT": 1299667.85274, "CRWDUSDT": 1313498.3804, "GOOGLUSDT": 23605801.2707, "SLPUSDT": 606759.6496955, "CARVUSDT": 1124006.7388, "VETUSDT": 4205003.681655, "TRBUSDT": 3772037.497, "STXXUSDT": 192971.8056, "DYMUSDT": 3647515.531765, "STABLEUSDT": 2737872.561709, "EWZUSDT": 279443.3884, "ORCAUSDT": 3216119.581, "SAFEUSDT": 604574.4382, "ARPAUSDT": 823123.98543, "COSUSDT": 4313677.5815856, "AMATUSDT": 2122124.8743, "CHRUSDT": 729653.25487, "KNCUSDT": 1244946.6895, "MOODENGUSDT": 3357765.03622, "SPORTFUNUSDT": 1924820.92663, "FOGOUSDT": 2269072.58492, "MOVEUSDT": 15087714.60437, "ROBOUSDT": 8448304.872, "LSKUSDT": 1829933.9701, "QCOMUSDT": 16514101.6886, "SAHARAUSDT": 64299134.01993, "GENIUSUSDT": 24822965.8359, "EDGEUSDT": 7399095.8051, "FARTCOINUSDT": 27377054.66067, "EWTUSDT": 991068.1143, "UMAUSDT": 1496795.1298, "OPNUSDT": 117081541.5781, "LUNA2USDT": 1696416.7775, "GUSDT": 1158338.638024, "INJUSDT": 64092310.7623, "GUAUSDT": 22482608.36647, "MUBARAKUSDT": 1322230.89631, "RIFUSDT": 2353088.6172, "AZTECUSDT": 3421580.08032, "VTHOUSDT": 1297823.1507929, "C98USDT": 1349759.81374, "PUMPUSDT": 49000699.753138, "FIGHTUSDT": 22414122.895106, "STXUSDT": 4668299.4281, "VUSDT": 590987.0778, "ICNTUSDT": 3409144.0711, "OPUSDT": 34975434.70023, "YGGUSDT": 1980824.38599, "LLYUSDT": 629008.6538, "TURTLEUSDT": 1221097.30689, "BULLAUSDT": 2398891.429621, "1000CHEEMSUSDT": 711685.5106286, "EIGENUSDT": 9616180.30741, "AXSUSDT": 6668457.639, "QQQUSDT": 240192091.732, "SQDUSDT": 5848737.97534, "1000LUNCUSDT": 10526784.52029, "XMRUSDT": 62143262.66, "ZMUSDT": 243974.0525, "ASTERUSDT": 54048065.3137, "LDOUSDT": 10012859.8856, "DEXEUSDT": 21924204.2098, "CKBUSDT": 1689542.758847, "AVAUSDT": 1057378.75114, "BEATUSDT": 884488396.2721, "GMEUSDT": 205471.1871, "CLANKERUSDT": 975006.0023, "GLWUSDT": 499455.3293, "RIVERUSDT": 16243547.2605, "HAEDALUSDT": 2466198.16755, "HUSDT": 233355256.40633, "ANTHROPICUSDT": 5978475.7724, "AXTIUSDT": 7889071.8474, "COINUSDT": 19417188.6379, "AMZNUSDT": 6233060.598, "ZENUSDT": 6325438.323, "BTWUSDT": 141453576.604522, "HOODUSDT": 22625816.3677, "USDCUSDT": 11697902.80702, "XPLUSDT": 25080331.61551, "BNBUSDT": 291786889.724, "RVNUSDT": 958175.884882, "TSTUSDT": 1534030.09825, "FLOWUSDT": 3534935.188345, "1000CATUSDT": 893330.270917, "SNDKUSDT": 943997980.7166, "PROVEUSDT": 5226036.33127, "WLDUSDT": 648736340.0936, "BOMEUSDT": 5039603.6944747, "XAIUSDT": 1698786.062875, "AVAXUSDT": 101756398.809, "CVXUSDT": 3394986.4812, "HEIUSDT": 7757840.01262, "REDUSDT": 1970051.4341, "JPMUSDT": 979347.5085, "SXTUSDT": 30608498.756908, "WALUSDT": 4844334.78065, "POLUSDT": 10183854.56523, "MOCAUSDT": 1350181.67953, "DRAMUSDT": 102774807.5401, "PAXGUSDT": 134699292.9259, "MAVUSDT": 913015.74348, "ZAMAUSDT": 6628884.24904, "LITEUSDT": 61464693.8474, "币安人生USDT": 27215542.39833, "MSFTUSDT": 8314113.3146, "JSTUSDT": 4223670.348513, "ORCLUSDT": 63842255.5912, "MANAUSDT": 4048374.0659, "HEMIUSDT": 13461112.859684, "ENSOUSDT": 4789368.10526, "SYRUPUSDT": 2196477.30613, "CRVUSDT": 83238578.542505, "APTUSDT": 27714105.43624, "XPDUSDT": 7179848.6985, "ZEREBROUSDT": 3509779.339371, "BBUSDT": 1661527.69741, "SYNUSDT": 1998554.37411, "HMSTRUSDT": 177782603.0863829, "ILVUSDT": 781263.6891, "HIGHUSDT": 9499063.25771, "ARBUSDT": 59906908.226641, "DODOXUSDT": 840305.474432, "COAIUSDT": 4078258.3822, "NAORISUSDT": 1949978.18119, "CFGUSDT": 5428831.0813, "ENSUSDT": 4893367.773, "ALPINEUSDT": 747698.87686, "USARUSDT": 4922339.5146, "PTBUSDT": 1374768.0705741, "ZORAUSDT": 1856327.79478, "MYXUSDT": 4907801.5441, "FLNCUSDT": 9826317.9754, "STORJUSDT": 2518674.6871,