{"EPICUSDT": 46079679.05659, "NEOUSDT": 2540230.004, "APEUSDT": 9727690.7831, "1000CATUSDT": 661519.176728, "CATIUSDT": 10374762.29585, "ANIMEUSDT": 1402292.378611, "INJUSDT": 52486514.8915, "AIOTUSDT": 2471650.04149, "ARCUSDT": 3587517.97334, "IDOLUSDT": 6836166.18377, "NILUSDT": 5394852.141996, "COTIUSDT": 1223957.77214, "PROMPTUSDT": 763861.66849, "QQQUSDT": 189351417.8623, "PIPPINUSDT": 28848053.84293, "NFLXUSDT": 575618.5193, "XTZUSDT": 4358845.08175, "LYNUSDT": 3297324.35038, "ETHWUSDT": 374387.3983, "我踏马来了USDT": 1749614.848933, "CSCOUSDT": 623200.8218, "CARVUSDT": 1136351.58176, "WLDUSDT": 491562900.5901, "ILVUSDT": 675016.1773, "SAHARAUSDT": 47101151.37583, "SKRUSDT": 4003056.510051, "RENDERUSDT": 21332000.6275, "STBLUSDT": 953190.85027, "EULUSDT": 843034.39037, "ENJUSDT": 4704724.55751, "ALLUSDT": 1697710.9024, "BTCUSDT": 11400543770.88, "AIGENSYNUSDT": 18394187.34308, "ONGUSDT": 671292.59231, "COSUSDT": 4313677.5815856, "COSTUSDT": 139418.1412, "TWTUSDT": 1495784.3077, "BIGTIMEUSDT": 1145581.24174, "PLAYUSDT": 80910646.31001, "TRXUSDT": 100553223.48334, "AERGOUSDT": 4718222.66763, "FLNCUSDT": 13430464.6388, "1000000MOGUSDT": 1331016.46444, "RLCUSDT": 1798111.3635, "PLTRUSDT": 7121359.4782, "IPUSDT": 9781108.33938, "ZORAUSDT": 2929842.90949, "NOMUSDT": 2759551.950777, "XLEUSDT": 558143.4145, "ATHUSDT": 1931273.409924, "INTCUSDT": 285787805.8386, "ATUSDT": 1244082.12992, "ORCLUSDT": 38554722.5746, "1000XECUSDT": 1122316.94859, "TREEUSDT": 2680287.50167, "ORDERUSDT": 605567.69807, "ARPAUSDT": 820048.98218, "MUBARAKUSDT": 1390051.3363, "BLURUSDT": 1863947.56944, "EIGENUSDT": 9173824.25906, "ESPORTSUSDT": 238725816.11037, "CRDOUSDT": 5646486.981, "KERNELUSDT": 1186266.06885, "KASUSDT": 3504826.70158, "ZILUSDT": 1441913.000672, "HEIUSDT": 6229404.75295, "MANAUSDT": 3706581.8778, "AVAUSDT": 1401580.61851, "MAVIAUSDT": 556369.49827, "AGLDUSDT": 1151065.5965, "OPNUSDT": 39825819.7423, "METISUSDT": 847811.4704, "SANTOSUSDT": 1971171.75707, "RPLUSDT": 618766.5345, "AVNTUSDT": 10311261.8708, "COWUSDT": 627041.3302, "DOLOUSDT": 675388.764, "RUNEUSDT": 9326067.5255, "MUSDT": 2622675.8667, "CRWVUSDT": 15323144.8483, "TRUSTUSDT": 987249.56279, "YFIUSDT": 1704555.2, "HFTUSDT": 2229792.15513, "MUUSDT": 730265004.4312, "POLUSDT": 9666009.41075, "UBUSDT": 30092094.15658, "LABUSDT": 336466210.53953, "BATUSDT": 1529600.2446, "PYTHUSDT": 31445071.51218, "ASTRUSDT": 28410455.553952, "TRUMPUSDT": 50217656.79499, "FARTCOINUSDT": 23796542.08424, "XAUTUSDT": 67011060.6, "LPTUSDT": 3627878.651, "QNTUSDT": 5177960.492, "HOMEUSDT": 90659081.86719, "TONUSDT": 75944332.26995, "HMSTRUSDT": 113507039.533923, "KAVAUSDT": 1394656.3323, "TRUTHUSDT": 1560072.24503, "PHAUSDT": 4020168.56654, "EWJUSDT": 1563531.4677, "EDUUSDT": 3162903.90977, "THETAUSDT": 2689460.3192, "AKEUSDT": 1203750.4550268, "JSTUSDT": 6499952.147753, "CETUSUSDT": 696128.81376, "ESPUSDT": 2155860.61731, "DOTUSDT": 69889659.257, "QTUMUSDT": 1621092.376, "IOSTUSDT": 2011932.074795, "XAUUSDT": 2140147908.9, "FLUIDUSDT": 1143829.5186, "KGENUSDT": 3575091.50626, "GMEUSDT": 133861.7996, "SONICUSDT": 803794.513925, "XVSUSDT": 585048.122, "NAORISUSDT": 8253647.75174, "RKLBUSDT": 44666231.4647, "IOTXUSDT": 704114.446222, "MOVEUSDT": 8870957.98629, "PAXGUSDT": 126495418.2693, "COOKIEUSDT": 1007557.56519, "TRBUSDT": 3324744.824, "MEGAUSDT": 9322213.44393, "CKBUSDT": 1034234.114879, "TAKEUSDT": 2596469.70506, "TLMUSDT": 1013392.322472, "BTWUSDT": 76960178.577778, "METUSDT": 2389292.4915, "PHAROSUSDT": 5328997.2256, "GLMUSDT": 858078.60562, "WOOUSDT": 1002717.98929, "MOCAUSDT": 685579.17826, "BBUSDT": 1451284.41741, "GASUSDT": 1084236.7169, "SUPERUSDT": 1644088.4673, "HEMIUSDT": 11738569.394291, "HUSDT": 371835951.03229, "LITUSDT": 40361978.85743, "UMAUSDT": 1064060.7508, "SUIUSDT": 132460682.51908, "TURBOUSDT": 3303364.085863, "CHILLGUYUSDT": 1546970.983773, "GUNUSDT": 1693147.960394, "AAPLUSDT": 8856949.312, "CHRUSDT": 678653.1965, "WCTUSDT": 1907573.98889, "DODOXUSDT": 641272.884556, "HBARUSDT": 21374967.99023, "1000SATSUSDT": 1703833.56110722, "WETUSDT": 1182982.87644, "B2USDT": 1735014.1909, "ACXUSDT": 990739.118584, "WIFUSDT": 17927248.26672, "CYBERUSDT": 1170620.43371, "MANTAUSDT": 3183351.88137, "XAIUSDT": 1266523.83476, "NIGHTUSDT": 7190642.61669, "ALLOUSDT": 106999989.06566, "SOLVUSDT": 905511.733472, "PROMUSDT": 3804211.1054, "FFUSDT": 7340150.37076, "SWARMSUSDT": 2665804.945805, "PUMPUSDT": 41436994.745094, "ETCUSDT": 19010605.822, "DISUSDT": 402636.0322, "ZRXUSDT": 1522053.66, "1000000BOBUSDT": 502977.14428, "ICXUSDT": 669348.63417, "TAUSDT": 4102281.49133, "SAPIENUSDT": 2258907.46046, "VETUSDT": 4301285.853406, "SOPHUSDT": 12454892.563773, "XPTUSDT": 13851663.8905, "AWEUSDT": 808672.85785, "COLLECTUSDT": 25876362.31193, "DOODUSDT": 4627271.230031, "FUSDT": 2025054.710649, "CRVUSDT": 87026737.627853, "ZROUSDT": 24239510.95162, "SAMSUNGUSDT": 21618871.5248, "LQTYUSDT": 1135281.23978, "BELUSDT": 1435299.05938, "LUMIAUSDT": 21931020.834916, "NEARUSDT": 256430113.57, "PARTIUSDT": 8921945.2518, "BSBUSDT": 34521528.46323, "4USDT": 2004463.848397, "BANKUSDT": 18590049.04121, "MANTRAUSDT": 2262610.711941, "ADAUSDT": 161430926.7328, "1000BONKUSDT": 15123801.178694, "BEUSDT": 3996623.9242, "AUCTIONUSDT": 960023.90019, "SAFEUSDT": 539509.9159, "CRWDUSDT": 2824496.8823, "TNSRUSDT": 1349240.028689, "REZUSDT": 799564.813085, "LAYERUSDT": 2964451.809551, "XPINUSDT": 1555093.345952, "RIFUSDT": 3142458.9271, "STXXUSDT": 525868.0266, "USELESSUSDT": 6089167.63867, "COPPERUSDT": 14019856.4474, "NMRUSDT": 1607930.3029, "BEATUSDT": 798941117.9193, "IDUSDT": 118141517.09314, "BOMEUSDT": 5213988.1046292, "GENIUSUSDT": 19172847.8378, "DUSDT": 3794814.769012, "TURTLEUSDT": 1059240.5069, "PUMPBTCUSDT": 484648.09904, "POLYXUSDT": 1111236.14188, "XNYUSDT": 11717678.331884, "IBMUSDT": 1303540.0197, "GALAUSDT": 22480593.838299, "FIGHTUSDT": 13861425.481783, "RVNUSDT": 1033458.621781, "ARKUSDT": 1312438.6517, "SLXUSDT": 11681481.4854, "PENDLEUSDT": 11655227.8995, "VUSDT": 333540.7451, "NEIROUSDT": 5988787.92562137, "SPCXUSDT": 357470649.39, "HYUNDAIUSDT": 1929953.1717, "SPORTFUNUSDT": 3300342.49795, "ZECUSDT": 868718307.73, "ACEUSDT": 1114481.264402, "ORDIUSDT": 18538574.5903, "SLPUSDT": 511208.2935175, "POPCATUSDT": 2088263.29291, "RAREUSDT": 903183.65187, "CLUSDT": 924334616.4086, "USARUSDT": 7013172.9384, "YBUSDT": 3745270.2034, "CROSSUSDT": 1498145.97415, "KNCUSDT": 946867.91, "CBRSUSDT": 90388610.9286, "BARDUSDT": 4509951.7965, "STARUSDT": 2129962.60095, "VANAUSDT": 794644.17926, "BTCDOMUSDT": 2354070.7, "ENSOUSDT": 17845700.26475, "INUSDT": 3984126.25126, "ASTERUSDT": 35836678.7087, "EDGEUSDT": 7411131.7079, "HYPERUSDT": 2764692.64854, "SQDUSDT": 2515348.34171, "HYPEUSDT": 993171309.00989, "RECALLUSDT": 1154666.5003, "DOGEUSDT": 317106556.64008, "SUNUSDT": 2492352.05455, "SOMIUSDT": 4149530.7753, "TUSDT": 827271.36248, "PIEVERSEUSDT": 6502645.0118, "VIRTUALUSDT": 22993063.13122, "CGPTUSDT": 1411873.24516, "MEMEUSDT": 6701942.1029491, "EWYUSDT": 114284519.2982, "GOATUSDT": 946064.479, "EWZUSDT": 220205.6063, "KATUSDT": 28624521.148203, "FHEUSDT": 8003205.14359, "LLYUSDT": 816676.5596, "CVCUSDT": 683587.33852, "THEUSDT": 1727914.979633, "龙虾USDT": 5832665.471252, "ACHUSDT": 2289774.66466, "COAIUSDT": 17573069.6037, "PORTALUSDT": 8631511.208183, "1000CHEEMSUSDT": 590247.1222483, "MERLUSDT": 1607079.32895, "1INCHUSDT": 1731887.7688, "GPSUSDT": 3680092.180471, "KAITOUSDT": 3170988.5794, "ZETAUSDT": 4205471.39741, "STORJUSDT": 2143483.4825, "ALTUSDT": 5615234.645741, "EWTUSDT": 877892.2669, "WALUSDT": 2815508.6464, "IOUSDT": 11543471.67983, "OPENAIUSDT": 4170935.0309, "SANDUSDT": 7310999.50346, "TACUSDT": 1091143.558029, "CFGUSDT": 5773950.6326, "KITEUSDT": 11398883.93259, "WUSDT": 4084391.34469, "TSMUSDT": 12391251.0628, "NVDAUSDT": 88701542.1833, "APRUSDT": 5477773.90958, "ENAUSDT": 117697401.97933, "AXSUSDT": 6951172.272, "RAVEUSDT": 13974280.24382, "MAVUSDT": 839713.48072, "TOSHIUSDT": 1002453.7126269, "OPGUSDT": 18789399.6926,